{
    "A": 0.004947307053953409,
    "B": 0.003570681205019355,
    "C": 0.005884263198822737,
    "D": 0.013854307122528553,
    "H": 0.02200709655880928,
    "I": 0.0077902586199343204,
    "Libra": 0.018855087459087372
}