{
    "A": 0.004755302798002958,
    "B": 0.00325840269215405,
    "C": 0.004831073340028524,
    "D": 0.011917272582650185,
    "H": 0.01986677385866642,
    "I": 0.006885682698339224,
    "Libra": 0.015932925045490265
}