{
    "A": 0.005779133178293705,
    "B": 0.0038331018295139074,
    "C": 0.005884263198822737,
    "D": 0.016292806714773178,
    "H": 0.02454156056046486,
    "I": 0.009641369804739952,
    "Libra": 0.018855087459087372
}