{
    "A": 0.005779133178293705,
    "B": 0.003570681205019355,
    "C": 0.005884263198822737,
    "D": 0.013854307122528553,
    "H": 0.02200709655880928,
    "I": 0.009641369804739952,
    "Libra": 0.018855087459087372
}