{
    "A": 0.004947307053953409,
    "B": 0.003570681205019355,
    "C": 0.004831073340028524,
    "D": 0.012555979192256927,
    "H": 0.021204670891165733,
    "I": 0.0072812270373106,
    "Libra": 0.017177129164338112
}