{
    "A": 0.004947307053953409,
    "B": 0.003570681205019355,
    "C": 0.005577938165515661,
    "D": 0.01311582513153553,
    "H": 0.021204670891165733,
    "I": 0.0077902586199343204,
    "Libra": 0.018855087459087372
}