{
    "A": 0.004542636685073376,
    "B": 0.0028878250159323215,
    "C": 0.004831073340028524,
    "D": 0.011917272582650185,
    "H": 0.01986677385866642,
    "I": 0.006885682698339224,
    "Libra": 0.01512995082885027
}